21,Carved passages
22,Carved passages
23,Carved passages
24,Carved passages
25,Carved passages
26,Carved passages
27,Carved passages
28,Carved passages
29,Carved passages
30,Carved passages
31,Carved passages
32,Carved passages
33,Carved passages
34,Carved passages
35,Carved passages
36,Carved passages
37,Carved passages
38,Carved passages
39,Carved passages
40,Carved passages
41,Carved passages
42,Carved passages
43,Carved passages
44,Hall or chamber
45,Hall or chamber
46,Hall or chamber
47,Hall or chamber
48,Hall or chamber
49,Hall or chamber
50,Hall or chamber
51,Hall or chamber
52,Hall or chamber
53,Hall or chamber
54,Hall or chamber
55,Hall or chamber
56,Hall or chamber
57,Stairs into the depths
58,Stairs into the depths
59,Stairs into the depths
60,Stairs into the depths
61,Stairs into the depths
62,Stairs into the depths
63,Stairs into the depths
64,Stairs into the depths
65,Grand doorway or entrance
66,Grand doorway or entrance
67,Grand doorway or entrance
68,Grand doorway or entrance
69,Tomb or catacombs
70,Tomb or catacombs
71,Tomb or catacombs
72,Tomb or catacombs
73,Rough-hewn cave
74,Rough-hewn cave
75,Rough-hewn cave
76,Rough-hewn cave
77,Foundry or workshop
78,Foundry or workshop
79,Foundry or workshop
80,Foundry or workshop
81,Shrine or temple
82,Shrine or temple
83,Shrine or temple
84,Shrine or temple
85,Imposing architecture or artistry
86,Imposing architecture or artistry
87,Imposing architecture or artistry
88,Imposing architecture or artistry
89,Something unusual or unexpected
90,Something unusual or unexpected
91,Something unusual or unexpected
92,Something unusual or unexpected
93,Something unusual or unexpected
94,Something unusual or unexpected
95,Something unusual or unexpected
96,Something unusual or unexpected
97,Something unusual or unexpected
98,Something unusual or unexpected
99,You transition into a new theme
100,You transition into a new domain