1,Moor
2,Moor
3,Moor
4,Moor
5,Ford
6,Ford
7,Ford
8,Ford
9,Crag
10,Crag
11,Crag
12,Crag
13,Watch
14,Watch
15,Watch
16,Watch
17,Hope
18,Hope
19,Hope
20,Hope
21,Wood
22,Wood
23,Wood
24,Wood
25,Ridge
26,Ridge
27,Ridge
28,Ridge
29,Stone
30,Stone
31,Stone
32,Stone
33,Haven
34,Haven
35,Haven
36,Haven
37,Fall(s)
38,Fall(s)
39,Fall(s)
40,Fall(s)
41,River
42,River
43,River
44,River
45,Field
46,Field
47,Field
48,Field
49,Hill
50,Hill
51,Hill
52,Hill
53,Bridge
54,Bridge
55,Bridge
56,Bridge
57,Mark
58,Mark
59,Mark
60,Mark
61,Cairn
62,Cairn
63,Cairn
64,Cairn
65,Land
66,Land
67,Land
68,Land
69,Hall
70,Hall
71,Hall
72,Hall
73,Mount
74,Mount
75,Mount
76,Mount
77,Rock
78,Rock
79,Rock
80,Rock
81,Brook
82,Brook
83,Brook
84,Brook
85,Barrow
86,Barrow
87,Barrow
88,Barrow
89,Stead
90,Stead
91,Stead
92,Stead
93,Home
94,Home
95,Home
96,Home
97,Wick
98,Wick
99,Wick
100,Wick